ScdUht-pM6s_53_63.avi,A woman is a
wkgGxsuNVSg_34_41.avi,A man is a
BtQtRGI0F2Q_15_20.avi,A man is a
k06Ge9ANKM8_5_16.avi,A man is a
sZf3VDsdDPM_107_114.avi,A man is a
shPymuahrsc_5_12.avi,Someone is
XOAgUVVwKEA_8_20.avi,A man is a
ufFT2BWh3BQ_0_8.avi,A man is playing a
5YJaS2Eswg0_22_26.avi,A man is a
lw7pTwpx0K0_38_48.avi,A woman is a
UbmZAe5u5FI_132_141.avi,A woman is a
xCFCXzDUGjY_5_9.avi,A man is a
He7Ge7Sogrk_47_70.avi,A man is a
tJHUH9tpqPg_113_118.avi,A woman is a
n016q1w8Q30_2_11.avi,A woman is a
RjpbFlOHFps_8_25.avi,A man is a
6JnGBs88sL0_4_10.avi,A baby is playing a
EpMuCrbxE8A_107_115.avi,A man is a
HAjwXjwN9-A_16_24.avi,A man is a
4xVGpDmA4lE_23_33.avi,A man is a
k5OKBX2e7xA_19_32.avi,A man is a
Jag7oTemldY_12_25.avi,A man is a
8MVo7fje_oE_125_130.avi,A woman is a
bqMmyY1ImkI_0_14.avi,A cat is a
jTnrm338_KY_34_42.avi,A man is a
UdcObAQ5OOM_15_30.avi,A man is a
4PcL6-mjRNk_11_18.avi,A man is a
3qqEKTPxLNs_1_15.avi,A man is a
glrijRGnmc0_211_215.avi,A man is a
q7pOFn8s4zc_263_273.avi,A man is a
mtrCf667KDk_134_176.avi,A man is a
0lh_UWF9ZP4_62_69.avi,A woman is a
JntMAcTlOF0_50_70.avi,A man is a
7NNg0_n-bS8_21_30.avi,A man is a
IhwPQL9dFYc_124_129.avi,A woman is a
BAf3LXFUaGs_28_38.avi,A man is a
6q1dX6thX3E_286_295.avi,A man is a
RZL9irxnhZ0_34_40.avi,A man is a
WWf0Z6ak3Dg_5_15.avi,A man is a
PeUHy0A1GF0_114_121.avi,A man is a
klteYv1Uv9A_27_33.avi,A man is a
e-j59PqJjSM_405_416.avi,A man is a
778mkceE0UQ_40_46.avi,A man is a
77iDIp40m9E_126_131.avi,A woman is a
e-j59PqJjSM_50_98.avi,A man is a
Dgf0VHMEtNs_57_66.avi,A man is a
f9Won2JpOEU_60_80.avi,A man is a
dfOuTx66bJU_34_39.avi,A man is a
04Gt01vatkk_248_265.avi,A man is a
rl1rVk_xIOs_1_16.avi,A man is a
v7iIZXtpIb8_5_15.avi,A man is a
DhwrBs96Kgk_120_124.avi,A man is a
qLwgb3F0aPU_298_305.avi,A man is a
qeKX-N1nKiM_0_5.avi,A man is a
1Sp2__RCT0c_11_15.avi,A man is a
Fe4tO5vW9_E_64_70.avi,A man is a
mmSQTI6gMNQ_120_128.avi,A man is a
HV12kTtdTT4_5_14.avi,A man is a
0lh_UWF9ZP4_27_31.avi,A woman is a
Je3V7U5Ctj4_569_576.avi,A man is a
30GeJHYoerk_121_126.avi,A man is a
04Gt01vatkk_308_321.avi,A man is a
zulPFoY64wE_26_33.avi,A man is a
MrQd1zUVRUM_103_110.avi,A woman is a
xxHx6s_DbUo_216_222.avi,A man is a
71soiLO6I9U_15_24.avi,A man is a
UXs3eq68ZjE_250_255.avi,A man is playing a
jbzaMtPYtl8_48_58.avi,A man is a
8HB7ywgJuTg_131_142.avi,A woman is a
Cjf21Y19aUQ_82_86.avi,A man is playing a
qvg9eM4Hmzk_4_10.avi,A man is a
5HAf_INrFy0_3_25.avi,A man is a
YmXCfQm0_CA_277_284.avi,A man is a
88DOMJ11q2M_84_87.avi,A man is a
NUYu9c9XsgY_7_21.avi,A man is a
N3A7944_UJw_63_70.avi,A man is dancing a
uJPupV4oLZ0_4_12.avi,A man is a
cnsjm3fNEec_4_10.avi,A man is a
J_evFB7RIKA_104_120.avi,A man is a
g1Gldu1KS44_8_14.avi,A dog is a
s1ZABV7AQdA_38_48.avi,A man is a
tcxhOGyrCtI_15_21.avi,A man is a
inzk2fTUe1w_1_15.avi,A man is a
j2Dhf-xFUxU_13_20.avi,A woman is a
MTjrZthHwJQ_2_11.avi,A man is a
J---aiyznGQ_0_6.avi,A woman is a
ZbtpcGi2DWY_161_170.avi,A man is a
RSx5G0_xH48_12_17.avi,A woman is a
ecm9gf2Pgkc_1_24.avi,A woman is a
pW9DFPqoIsI_26_50.avi,A man is a
N2Cm0SLr0ZE_18_29.avi,A man is playing a
sJSmRik2c-c_1_7.avi,A man is a
zv2RIbUsnSw_335_341.avi,A man is a
aM-RcQj0a7I_37_55.avi,A woman is a
TZ860P4iTaM_15_28.avi,A woman is a
lo4KcsBN--A_0_10.avi,A man is a
u4T76jsPin0_0_11.avi,A woman is a
7HcYJKMxpcg_20_28.avi,A woman is a
CGllPWAwmUo_1_15.avi,A man is playing a
WTf5EgVY5uU_124_128.avi,A man is a
